{
  "pca_pc1": 0.5764040946960449,
  "pca_pc2": 0.21021604537963867,
  "pca_pc3": 0.08712990581989288,
  "pca_total_3pc": 0.8737500309944153,
  "A_pca_overlap": 0.05445554479956627,
  "B_pca_overlap": 0.8094056844711304,
  "C_pca_overlap": 0.05220777168869972,
  "D_pca_overlap": 0.8750523328781128,
  "A_accuracy": 0.784,
  "B_accuracy": 0.858,
  "C_accuracy": 0.852,
  "D_accuracy": 0.0,
  "A_activity_mse": 5.531633820533752,
  "B_activity_mse": 0.02380682507902384,
  "C_activity_mse": 0.29638047695159914,
  "D_activity_mse": 0.0008657340271747672,
  "A_signed_corr": -0.025910804956656347,
  "B_signed_corr": 0.15556229891085543,
  "C_signed_corr": -0.007738496659387819,
  "D_signed_corr": 0.585638849187723,
  "notebook": "RNN_no_dale",
  "run": 4
}