{
  "pca_pc1": 0.4748334288597107,
  "pca_pc2": 0.2382291704416275,
  "pca_pc3": 0.17885258793830872,
  "pca_total_3pc": 0.8919152021408081,
  "A_pca_overlap": 0.13199684023857117,
  "B_pca_overlap": 0.7466353178024292,
  "C_pca_overlap": 0.07421690970659256,
  "D_pca_overlap": 0.8342302441596985,
  "A_accuracy": 0.638,
  "B_accuracy": 0.542,
  "C_accuracy": 0.876,
  "D_accuracy": 0.0,
  "A_activity_mse": 5.092530735969543,
  "B_activity_mse": 0.08470873229205608,
  "C_activity_mse": 0.5052685886621475,
  "D_activity_mse": 0.024172032203525304,
  "A_signed_corr": 0.41902863567374526,
  "B_signed_corr": 0.3412880791972841,
  "C_signed_corr": 0.37597808202815913,
  "D_signed_corr": 0.719367588891654,
  "notebook": "RNN_dale",
  "run": 5
}