{
  "pca_pc1": 0.4804380536079407,
  "pca_pc2": 0.23949021100997925,
  "pca_pc3": 0.13616754114627838,
  "pca_total_3pc": 0.8560957908630371,
  "A_pca_overlap": 0.20686334371566772,
  "B_pca_overlap": 0.4458397924900055,
  "C_pca_overlap": 0.1855732798576355,
  "D_pca_overlap": 0.8301166892051697,
  "A_accuracy": 0.836,
  "B_accuracy": 0.158,
  "C_accuracy": 0.838,
  "D_accuracy": 0.486,
  "A_activity_mse": 5.906289162635804,
  "B_activity_mse": 0.1655167188346386,
  "C_activity_mse": 0.2703922932744026,
  "D_activity_mse": 0.004906886973185465,
  "A_signed_corr": 0.39226753262227715,
  "B_signed_corr": 0.2686316713983788,
  "C_signed_corr": 0.35258993489332646,
  "D_signed_corr": 0.7692589636872781,
  "notebook": "RNN_dale",
  "run": 9
}