{
  "pca_pc1": 0.5400996804237366,
  "pca_pc2": 0.2821182906627655,
  "pca_pc3": 0.0873226448893547,
  "pca_total_3pc": 0.909540593624115,
  "A_pca_overlap": 0.04590454325079918,
  "B_pca_overlap": 0.7327123880386353,
  "C_pca_overlap": 0.10441377013921738,
  "D_pca_overlap": 0.9105965495109558,
  "A_accuracy": 0.802,
  "B_accuracy": 0.504,
  "C_accuracy": 0.868,
  "D_accuracy": 0.05,
  "A_activity_mse": 1.2151293697357177,
  "B_activity_mse": 0.06914615538343787,
  "C_activity_mse": 0.36910857433080674,
  "D_activity_mse": 0.0002205072050273884,
  "A_signed_corr": -0.008824111686123005,
  "B_signed_corr": 0.24262159851586643,
  "C_signed_corr": -0.0014163638841536907,
  "D_signed_corr": 0.5028985773333742,
  "notebook": "RNN_no_dale",
  "run": 3
}