{
  "pca_pc1": 0.593062698841095,
  "pca_pc2": 0.19329431653022766,
  "pca_pc3": 0.11417916417121887,
  "pca_total_3pc": 0.9005361795425415,
  "A_pca_overlap": 0.09983044862747192,
  "B_pca_overlap": 0.8284061551094055,
  "C_pca_overlap": 0.1380046159029007,
  "D_pca_overlap": 0.8703935146331787,
  "A_accuracy": 0.842,
  "B_accuracy": 0.354,
  "C_accuracy": 0.862,
  "D_accuracy": 0.53,
  "A_activity_mse": 0.7515105125904084,
  "B_activity_mse": 0.04619227340072393,
  "C_activity_mse": 0.34860281020402906,
  "D_activity_mse": 0.018341293232515453,
  "A_signed_corr": -0.002038227514988573,
  "B_signed_corr": 0.16830511666592848,
  "C_signed_corr": -0.013740882535614384,
  "D_signed_corr": 0.6013353765701287,
  "notebook": "RNN_no_dale",
  "run": 8
}