{
  "pca_pc1": 0.4720158576965332,
  "pca_pc2": 0.28524383902549744,
  "pca_pc3": 0.13637614250183105,
  "pca_total_3pc": 0.8936358690261841,
  "A_pca_overlap": 0.20563602447509766,
  "B_pca_overlap": 0.6569010615348816,
  "C_pca_overlap": 0.16343645751476288,
  "D_pca_overlap": 0.8896386027336121,
  "A_accuracy": 0.584,
  "B_accuracy": 0.112,
  "C_accuracy": 0.85,
  "D_accuracy": 0.55,
  "A_activity_mse": 19.93738510131836,
  "B_activity_mse": 0.2763378584682941,
  "C_activity_mse": 0.7235757540464401,
  "D_activity_mse": 0.000252387108921539,
  "A_signed_corr": 0.4244096678385528,
  "B_signed_corr": 0.37505584120549273,
  "C_signed_corr": 0.37317211741897277,
  "D_signed_corr": 0.7566848871771233,
  "notebook": "RNN_dale",
  "run": 3
}