{
  "pca_pc1": 0.41310763359069824,
  "pca_pc2": 0.3191556930541992,
  "pca_pc3": 0.11991585046052933,
  "pca_total_3pc": 0.8521791696548462,
  "A_pca_overlap": 0.08723203837871552,
  "B_pca_overlap": 0.7652477025985718,
  "C_pca_overlap": 0.07788993418216705,
  "D_pca_overlap": 0.8501323461532593,
  "A_accuracy": 0.844,
  "B_accuracy": 0.0,
  "C_accuracy": 0.856,
  "D_accuracy": 0.0,
  "A_activity_mse": 1.551120300769806,
  "B_activity_mse": 0.028327610798180105,
  "C_activity_mse": 0.26913249692320823,
  "D_activity_mse": 0.0003227444182266481,
  "A_signed_corr": 0.0034014081304845753,
  "B_signed_corr": 0.0876589422362736,
  "C_signed_corr": 0.013867778491058764,
  "D_signed_corr": 0.5952685960431532,
  "notebook": "RNN_no_dale",
  "run": 2
}