{
  "pca_pc1": 0.43758445978164673,
  "pca_pc2": 0.26562637090682983,
  "pca_pc3": 0.19302543997764587,
  "pca_total_3pc": 0.8962363004684448,
  "A_pca_overlap": 0.338817834854126,
  "B_pca_overlap": 0.7268076539039612,
  "C_pca_overlap": 0.13195617496967316,
  "D_pca_overlap": 0.8354963064193726,
  "A_accuracy": 0.846,
  "B_accuracy": 0.0,
  "C_accuracy": 0.844,
  "D_accuracy": 0.0,
  "A_activity_mse": 12.118707717895507,
  "B_activity_mse": 0.18963167917728424,
  "C_activity_mse": 0.5272079290151596,
  "D_activity_mse": 0.02032599849905819,
  "A_signed_corr": 0.4156380656433855,
  "B_signed_corr": 0.3417175725583061,
  "C_signed_corr": 0.3917257564837973,
  "D_signed_corr": 0.7097006731450959,
  "notebook": "RNN_dale",
  "run": 2
}