{
  "pca_pc1": 0.4594583511352539,
  "pca_pc2": 0.2725636065006256,
  "pca_pc3": 0.1499507874250412,
  "pca_total_3pc": 0.8819727301597595,
  "A_pca_overlap": 0.16092905402183533,
  "B_pca_overlap": 0.6954852938652039,
  "C_pca_overlap": 0.10526412725448608,
  "D_pca_overlap": 0.8797065615653992,
  "A_accuracy": 0.492,
  "B_accuracy": 0.492,
  "C_accuracy": 0.85,
  "D_accuracy": 0.854,
  "A_activity_mse": 187.4453857421875,
  "B_activity_mse": 0.12977407988905906,
  "C_activity_mse": 0.5937931174635888,
  "D_activity_mse": 0.0010424937553761993,
  "A_signed_corr": 0.3952826950022127,
  "B_signed_corr": 0.4069138375740996,
  "C_signed_corr": 0.3947714795756326,
  "D_signed_corr": 0.8977811369097101,
  "notebook": "RNN_dale",
  "run": 1
}