{
  "pca_pc1": 0.4316522777080536,
  "pca_pc2": 0.32632210850715637,
  "pca_pc3": 0.15056724846363068,
  "pca_total_3pc": 0.9085416197776794,
  "A_pca_overlap": 0.1347566694021225,
  "B_pca_overlap": 0.8534628748893738,
  "C_pca_overlap": 0.08273062109947205,
  "D_pca_overlap": 0.8325091004371643,
  "A_accuracy": 0.682,
  "B_accuracy": 0.498,
  "C_accuracy": 0.848,
  "D_accuracy": 0.028,
  "A_activity_mse": 21.215693729400634,
  "B_activity_mse": 0.035972521547228097,
  "C_activity_mse": 0.6778579363822937,
  "D_activity_mse": 0.09007430109381676,
  "A_signed_corr": 0.4040716271850771,
  "B_signed_corr": 0.42696975053193853,
  "C_signed_corr": 0.3514892638967027,
  "D_signed_corr": 0.6732232201595386,
  "notebook": "RNN_dale",
  "run": 6
}