{
  "pca_pc1": 0.4795902371406555,
  "pca_pc2": 0.32115429639816284,
  "pca_pc3": 0.08955925703048706,
  "pca_total_3pc": 0.8903037905693054,
  "A_pca_overlap": 0.1014082059264183,
  "B_pca_overlap": 0.7567776441574097,
  "C_pca_overlap": 0.1282760053873062,
  "D_pca_overlap": 0.890573263168335,
  "A_accuracy": 0.848,
  "B_accuracy": 0.518,
  "C_accuracy": 0.864,
  "D_accuracy": 0.006,
  "A_activity_mse": 0.8845283228158951,
  "B_activity_mse": 0.06154760497063398,
  "C_activity_mse": 0.27530189156532286,
  "D_activity_mse": 0.000319300457573263,
  "A_signed_corr": 0.008449546259309746,
  "B_signed_corr": 0.21375301451253406,
  "C_signed_corr": 0.020193119341511145,
  "D_signed_corr": 0.6457028851846365,
  "notebook": "RNN_no_dale",
  "run": 9
}