{
  "pca_pc1": 0.6325478553771973,
  "pca_pc2": 0.172524094581604,
  "pca_pc3": 0.08888112753629684,
  "pca_total_3pc": 0.8939530849456787,
  "A_pca_overlap": 0.17943409085273743,
  "B_pca_overlap": 0.7777944207191467,
  "C_pca_overlap": 0.11405372619628906,
  "D_pca_overlap": 0.891319215297699,
  "A_accuracy": 0.8,
  "B_accuracy": 0.17,
  "C_accuracy": 0.854,
  "D_accuracy": 0.514,
  "A_activity_mse": 43.1784780960083,
  "B_activity_mse": 0.08007807090878487,
  "C_activity_mse": 0.33466239070892334,
  "D_activity_mse": 0.00020469727629097179,
  "A_signed_corr": 0.44116244143617234,
  "B_signed_corr": 0.30503435833952436,
  "C_signed_corr": 0.3791063070313092,
  "D_signed_corr": 0.9126440782930734,
  "notebook": "RNN_dale",
  "run": 10
}