{
  "pca_pc1": 0.44987231492996216,
  "pca_pc2": 0.31591275334358215,
  "pca_pc3": 0.09836471080780029,
  "pca_total_3pc": 0.864149808883667,
  "A_pca_overlap": 0.07179103791713715,
  "B_pca_overlap": 0.6550650596618652,
  "C_pca_overlap": 0.06474103778600693,
  "D_pca_overlap": 0.8517654538154602,
  "A_accuracy": 0.888,
  "B_accuracy": 0.494,
  "C_accuracy": 0.882,
  "D_accuracy": 0.82,
  "A_activity_mse": 1.3904385859966277,
  "B_activity_mse": 0.07122491303086281,
  "C_activity_mse": 0.22275027775764467,
  "D_activity_mse": 0.00565494848927483,
  "A_signed_corr": 0.03638102172356228,
  "B_signed_corr": 0.15571000302732366,
  "C_signed_corr": 0.004061969454684058,
  "D_signed_corr": 0.5071852477184392,
  "notebook": "RNN_no_dale",
  "run": 10
}