{
  "pca_pc1": 0.5756357312202454,
  "pca_pc2": 0.23011454939842224,
  "pca_pc3": 0.12905728816986084,
  "pca_total_3pc": 0.934807538986206,
  "A_pca_overlap": 0.21812885999679565,
  "B_pca_overlap": 0.6168327331542969,
  "C_pca_overlap": 0.044398289173841476,
  "D_pca_overlap": 0.9305441975593567,
  "A_accuracy": 0.81,
  "B_accuracy": 0.042,
  "C_accuracy": 0.838,
  "D_accuracy": 0.37,
  "A_activity_mse": 17.204312545776368,
  "B_activity_mse": 0.589657924413681,
  "C_activity_mse": 1.1156543451547623,
  "D_activity_mse": 0.00019105159820173866,
  "A_signed_corr": 0.44512006369251866,
  "B_signed_corr": 0.3394511377851564,
  "C_signed_corr": 0.36612518144798434,
  "D_signed_corr": 0.8549630616640143,
  "notebook": "RNN_dale",
  "run": 7
}