{
  "pca_pc1": 0.4861644506454468,
  "pca_pc2": 0.2503543496131897,
  "pca_pc3": 0.12976892292499542,
  "pca_total_3pc": 0.8662877082824707,
  "A_pca_overlap": 0.08896179497241974,
  "B_pca_overlap": 0.5352034568786621,
  "C_pca_overlap": 0.10765840858221054,
  "D_pca_overlap": 0.7815905809402466,
  "A_accuracy": 0.766,
  "B_accuracy": 0.0,
  "C_accuracy": 0.86,
  "D_accuracy": 0.486,
  "A_activity_mse": 5.032352388381958,
  "B_activity_mse": 0.15175286681950093,
  "C_activity_mse": 0.3908127583861351,
  "D_activity_mse": 0.013310872364905663,
  "A_signed_corr": 0.39667778546029064,
  "B_signed_corr": 0.3233183681885426,
  "C_signed_corr": 0.369033024317157,
  "D_signed_corr": 0.7704376934061918,
  "notebook": "RNN_dale",
  "run": 4
}