{
  "pca_pc1": 0.5658187866210938,
  "pca_pc2": 0.2644687294960022,
  "pca_pc3": 0.07253096252679825,
  "pca_total_3pc": 0.902818500995636,
  "A_pca_overlap": 0.08642330765724182,
  "B_pca_overlap": 0.8528008460998535,
  "C_pca_overlap": 0.12124239653348923,
  "D_pca_overlap": 0.9054121375083923,
  "A_accuracy": 0.842,
  "B_accuracy": 0.312,
  "C_accuracy": 0.86,
  "D_accuracy": 0.0,
  "A_activity_mse": 0.5674101184010506,
  "B_activity_mse": 0.018393727039918303,
  "C_activity_mse": 0.2479238201379776,
  "D_activity_mse": 0.000676713295171794,
  "A_signed_corr": 0.03694715029941215,
  "B_signed_corr": 0.20784140568361398,
  "C_signed_corr": -0.006914903896382731,
  "D_signed_corr": 0.5556847746930715,
  "notebook": "RNN_no_dale",
  "run": 6
}