{
  "pca_pc1": 0.48183366656303406,
  "pca_pc2": 0.24720922112464905,
  "pca_pc3": 0.13007910549640656,
  "pca_total_3pc": 0.8591219782829285,
  "A_pca_overlap": 0.09504818916320801,
  "B_pca_overlap": 0.4828629195690155,
  "C_pca_overlap": 0.07353465259075165,
  "D_pca_overlap": 0.7599006295204163,
  "A_accuracy": 0.838,
  "B_accuracy": 0.0,
  "C_accuracy": 0.87,
  "D_accuracy": 0.736,
  "A_activity_mse": 0.503991710305214,
  "B_activity_mse": 0.08044580489397049,
  "C_activity_mse": 0.21103659725189208,
  "D_activity_mse": 0.013853809176012874,
  "A_signed_corr": 0.02375486668691903,
  "B_signed_corr": 0.11771952470958502,
  "C_signed_corr": -0.023252471860474952,
  "D_signed_corr": 0.4872519912715807,
  "notebook": "RNN_no_dale",
  "run": 1
}