{
  "pca_pc1": 0.45348745584487915,
  "pca_pc2": 0.26733022928237915,
  "pca_pc3": 0.13932418823242188,
  "pca_total_3pc": 0.8601418733596802,
  "A_pca_overlap": 0.3305127024650574,
  "B_pca_overlap": 0.565636157989502,
  "C_pca_overlap": 0.1649191975593567,
  "D_pca_overlap": 0.8567155003547668,
  "A_accuracy": 0.816,
  "B_accuracy": 0.226,
  "C_accuracy": 0.832,
  "D_accuracy": 0.466,
  "A_activity_mse": 3.7110144057273864,
  "B_activity_mse": 0.09803286711871624,
  "C_activity_mse": 0.28242310050129893,
  "D_activity_mse": 0.0001025434004550334,
  "A_signed_corr": 0.457845210222278,
  "B_signed_corr": 0.3783954508178969,
  "C_signed_corr": 0.42135638150529453,
  "D_signed_corr": 0.9091047345136685,
  "notebook": "RNN_dale",
  "run": 8
}