{
  "pca_pc1": 0.5003522038459778,
  "pca_pc2": 0.3039034605026245,
  "pca_pc3": 0.07962463051080704,
  "pca_total_3pc": 0.8838803172111511,
  "A_pca_overlap": 0.17843542993068695,
  "B_pca_overlap": 0.8318518400192261,
  "C_pca_overlap": 0.09927293658256531,
  "D_pca_overlap": 0.8840583562850952,
  "A_accuracy": 0.822,
  "B_accuracy": 0.584,
  "C_accuracy": 0.864,
  "D_accuracy": 0.816,
  "A_activity_mse": 5.4908728551864625,
  "B_activity_mse": 0.021294638611376284,
  "C_activity_mse": 0.26200166085362436,
  "D_activity_mse": 8.473088736354839e-05,
  "A_signed_corr": -0.011346596600955388,
  "B_signed_corr": 0.2947020662177688,
  "C_signed_corr": -0.03723923907819567,
  "D_signed_corr": 0.617881573774531,
  "notebook": "RNN_no_dale",
  "run": 7
}