{
  "pca_pc1": 0.5824853777885437,
  "pca_pc2": 0.23161299526691437,
  "pca_pc3": 0.08627686649560928,
  "pca_total_3pc": 0.900375247001648,
  "A_pca_overlap": 0.0768570527434349,
  "B_pca_overlap": 0.8755812048912048,
  "C_pca_overlap": 0.08911805599927902,
  "D_pca_overlap": 0.8965083956718445,
  "A_accuracy": 0.76,
  "B_accuracy": 0.498,
  "C_accuracy": 0.858,
  "D_accuracy": 0.158,
  "A_activity_mse": 1.2063402090072632,
  "B_activity_mse": 0.020334079548716546,
  "C_activity_mse": 0.2849553532600403,
  "D_activity_mse": 0.0019575534020914347,
  "A_signed_corr": -0.030873399055759792,
  "B_signed_corr": 0.1895176785981312,
  "C_signed_corr": -0.003862527234892645,
  "D_signed_corr": 0.5526495168422632,
  "notebook": "RNN_no_dale",
  "run": 5
}